{
  "robot_port": "/dev/tty.usbmodem5A460840631",
  "robot_id": "my_follower",
  "robot_config_dir": null,
  "teleop_port": "/dev/tty.usbmodem5A460826291",
  "teleop_id": "my_leader",
  "teleop_config_dir": null,
  "poses": [
    {
      "ee.x": 0.3158883798275229,
      "ee.y": -0.03322725556539996,
      "ee.z": 0.03250470131557155,
      "ee.wx": 0.4566220516913892,
      "ee.wy": 2.8043348476378123,
      "ee.wz": 0.016284124236182477,
      "ee.gripper_pos": 8.529650690495533
    },
    {
      "ee.x": 0.14681035635775944,
      "ee.y": -0.01604882547504783,
      "ee.z": 0.011356211341868636,
      "ee.wx": 0.5558023953958608,
      "ee.wy": 3.0757187774418857,
      "ee.wz": 0.0005230973648989838,
      "ee.gripper_pos": 8.529650690495533
    },
    {
      "ee.x": 0.1857418370410859,
      "ee.y": 0.09522742351983265,
      "ee.z": 0.008408358077705722,
      "ee.wx": 0.5727556708144156,
      "ee.wy": -3.0676572453106887,
      "ee.wz": 0.013160183992492863,
      "ee.gripper_pos": 8.610885458976442
    },
    {
      "ee.x": 0.33737895142680524,
      "ee.y": 0.09662001197773004,
      "ee.z": 0.0348509615626143,
      "ee.wx": -0.15064054366598395,
      "ee.wy": 2.736049688523208,
      "ee.wz": 0.14368572594171874,
      "ee.gripper_pos": 8.529650690495533
    }
  ]
}